Gender,Exited,Season,Status,First_Name,Entered,Unique_Identifier,Num_Couples
M,39,Love Island Australia (Season 1),Winner,Grant,1,GrantLove Island Australia (Season 1),2
F,39,Love Island Australia (Season 1),Winner,Tayla,1,TaylaLove Island Australia (Season 1),3
M,39,Love Island Australia (Season 1),Runner-Up,Eden,1,EdenLove Island Australia (Season 1),1
F,39,Love Island Australia (Season 1),Runner-Up,Erin,1,ErinLove Island Australia (Season 1),1
F,39,Love Island Australia (Season 1),Third Place,Amelia,23,AmeliaLove Island Australia (Season 1),1
M,39,Love Island Australia (Season 1),Third Place,Josh,1,JoshLove Island Australia (Season 1),5
M,38,Love Island Australia (Season 1),Dumped,Dom,16,DomLove Island Australia (Season 1),3
F,38,Love Island Australia (Season 1),Dumped,Shelby,23,ShelbyLove Island Australia (Season 1),2
M,37,Love Island Australia (Season 1),Dumped,Mark,31,MarkLove Island Australia (Season 1),1
F,37,Love Island Australia (Season 1),Dumped,Millie,1,MillieLove Island Australia (Season 1),4
M,36,Love Island Australia (Season 1),Dumped,Mac,14,MacLove Island Australia (Season 1),3
M,36,Love Island Australia (Season 1),Dumped,Teddy,21,TeddyLove Island Australia (Season 1),3
M,35,Love Island Australia (Season 1),Dumped,Kory,31,KoryLove Island Australia (Season 1),0
M,30,Love Island Australia (Season 1),Dumped,Jaxon,11,JaxonLove Island Australia (Season 1),3
M,26,Love Island Australia (Season 1),Dumped,Françoise,8,FrançoiseLove Island Australia (Season 1),3
F,25,Love Island Australia (Season 1),Dumped,Cassidy,1,CassidyLove Island Australia (Season 1),3
M,18,Love Island Australia (Season 1),Dumped,Elias,4,EliasLove Island Australia (Season 1),2
M,18,Love Island Australia (Season 1),Dumped,Justin,1,JustinLove Island Australia (Season 1),1
F,15,Love Island Australia (Season 1),Dumped,Natasha,1,NatashaLove Island Australia (Season 1),2
M,11,Love Island Australia (Season 1),Walked,John James,4,John JamesLove Island Australia (Season 1),1
F,9,Love Island Australia (Season 1),Dumped,Kim,2,KimLove Island Australia (Season 1),1
M,7,Love Island Australia (Season 1),Dumped,Charlie,1,CharlieLove Island Australia (Season 1),1
M,45,Love Island Australia (Season 3),Winner,Mitch,3,MitchLove Island Australia (Season 3),2
F,45,Love Island Australia (Season 3),Winner,Tina,1,TinaLove Island Australia (Season 3),3
M,45,Love Island Australia (Season 3),Runner-Up,Aaron,1,AaronLove Island Australia (Season 3),3
F,45,Love Island Australia (Season 3),Runner-Up,Jess,1,JessLove Island Australia (Season 3),3
M,45,Love Island Australia (Season 3),Runner-Up,Chris,3,ChrisLove Island Australia (Season 3),2
F,45,Love Island Australia (Season 3),Runner-Up,Zoe,14,ZoeLove Island Australia (Season 3),1
F,43,Love Island Australia (Season 3),Dumped,Courtney,1,CourtneyLove Island Australia (Season 3),4
M,43,Love Island Australia (Season 3),Dumped,Noah,23,NoahLove Island Australia (Season 3),1
M,41,Love Island Australia (Season 3),Dumped,Taku,1,TakuLove Island Australia (Season 3),5
F,41,Love Island Australia (Season 3),Dumped,Michela,21,MichelaLove Island Australia (Season 3),1
M,41,Love Island Australia (Season 3),Dumped,Hugh,30,HughLove Island Australia (Season 3),1
F,41,Love Island Australia (Season 3),Dumped,Eliza,35,ElizaLove Island Australia (Season 3),1
F,39,Love Island Australia (Season 3),Dumped,Jade,35,JadeLove Island Australia (Season 3),0
F,39,Love Island Australia (Season 3),Dumped,Lexy,2,LexyLove Island Australia (Season 3),2
M,35,Love Island Australia (Season 3),Dumped,Ryan,1,RyanLove Island Australia (Season 3),3
F,35,Love Island Australia (Season 3),Dumped,Tayla,21,TaylaLove Island Australia (Season 3),1
M,30,Love Island Australia (Season 3),Dumped,Ben,23,BenLove Island Australia (Season 3),1
F,26,Love Island Australia (Season 3),Dumped,Aisha,21,AishaLove Island Australia (Season 3),0
F,26,Love Island Australia (Season 3),Dumped,Audrey,21,AudreyLove Island Australia (Season 3),0
M,26,Love Island Australia (Season 3),Dumped,Brent,23,BrentLove Island Australia (Season 3),0
F,26,Love Island Australia (Season 3),Dumped,Brianna,21,BriannaLove Island Australia (Season 3),0
M,26,Love Island Australia (Season 3),Dumped,Nicolas,14,NicolasLove Island Australia (Season 3),1
F,26,Love Island Australia (Season 3),Dumped,Ruby,21,RubyLove Island Australia (Season 3),0
M,26,Love Island Australia (Season 3),Dumped,Sadee,23,SadeeLove Island Australia (Season 3),0
M,26,Love Island Australia (Season 3),Dumped,Shayne,23,ShayneLove Island Australia (Season 3),0
F,17,Love Island Australia (Season 3),Dumped,Emily,8,EmilyLove Island Australia (Season 3),2
F,16,Love Island Australia (Season 3),Dumped,Ari,1,AriLove Island Australia (Season 3),3
M,16,Love Island Australia (Season 3),Dumped,Ronni,1,RonniLove Island Australia (Season 3),3
F,10,Love Island Australia (Season 3),Dumped,Rachael,1,RachaelLove Island Australia (Season 3),2
M,5,Love Island Australia (Season 3),Dumped,Jordan,1,JordanLove Island Australia (Season 3),1
F,35,Love Island Australia (Season 2),Winner,Anna,4,AnnaLove Island Australia (Season 2),2
M,35,Love Island Australia (Season 2),Winner,Josh,8,JoshLove Island Australia (Season 2),1
F,35,Love Island Australia (Season 2),Runner-Up,Cartier,1,CartierLove Island Australia (Season 2),3
M,35,Love Island Australia (Season 2),Runner-Up,Matthew,1,MatthewLove Island Australia (Season 2),3
M,35,Love Island Australia (Season 2),Third Place,Aaron,17,AaronLove Island Australia (Season 2),1
F,35,Love Island Australia (Season 2),Third Place,Cynthia,1,CynthiaLove Island Australia (Season 2),4
F,34,Love Island Australia (Season 2),Dumped,Jessie,1,JessieLove Island Australia (Season 2),4
M,34,Love Island Australia (Season 2),Dumped,Todd,21,ToddLove Island Australia (Season 2),1
M,33,Love Island Australia (Season 2),Dumped,Blake,21,BlakeLove Island Australia (Season 2),1
F,33,Love Island Australia (Season 2),Dumped,Margarita,28,MargaritaLove Island Australia (Season 2),1
M,31,Love Island Australia (Season 2),Dumped,Adam,1,AdamLove Island Australia (Season 2),2
F,30,Love Island Australia (Season 2),Dumped,Isabelle,15,IsabelleLove Island Australia (Season 2),1
F,30,Love Island Australia (Season 2),Dumped,Cassie,1,CassieLove Island Australia (Season 2),3
M,30,Love Island Australia (Season 2),Dumped,Luke,8,LukeLove Island Australia (Season 2),1
M,26,Love Island Australia (Season 2),Walked,Gerard,1,GerardLove Island Australia (Season 2),4
F,20,Love Island Australia (Season 2),Dumped,Jordan,15,JordanLove Island Australia (Season 2),1
F,20,Love Island Australia (Season 2),Dumped,Biannca,15,BianncaLove Island Australia (Season 2),0
M,19,Love Island Australia (Season 2),Dumped,Eoghan,2,EoghanLove Island Australia (Season 2),2
F,17,Love Island Australia (Season 2),Dumped,Angel,15,AngelLove Island Australia (Season 2),0
F,17,Love Island Australia (Season 2),Dumped,Tea,15,TeaLove Island Australia (Season 2),0
M,14,Love Island Australia (Season 2),Dumped,Maurice,1,MauriceLove Island Australia (Season 2),2
F,14,Love Island Australia (Season 2),Dumped,Vanessa,1,VanessaLove Island Australia (Season 2),1
F,12,Love Island Australia (Season 2),Dumped,Phoebe,4,PhoebeLove Island Australia (Season 2),1
M,7,Love Island Australia (Season 2),Dumped,Sam,1,SamLove Island Australia (Season 2),1
F,17,Love Island France (Season 1),Winner,Angèle,1,AngèleLove Island France (Season 1),1
M,17,Love Island France (Season 1),Winner,Tristan,1,TristanLove Island France (Season 1),1
M,17,Love Island France (Season 1),Dumped,Arthur,3,ArthurLove Island France (Season 1),1
F,17,Love Island France (Season 1),Dumped,Mariana,7,MarianaLove Island France (Season 1),1
M,17,Love Island France (Season 1),Dumped,Cyrille,9,CyrilleLove Island France (Season 1),1
F,17,Love Island France (Season 1),Dumped,Raynande,1,RaynandeLove Island France (Season 1),3
M,17,Love Island France (Season 1),Dumped,Jeremy,1,JeremyLove Island France (Season 1),3
F,17,Love Island France (Season 1),Dumped,Pauline,1,PaulineLove Island France (Season 1),3
F,17,Love Island France (Season 1),Dumped,Louna,1,LounaLove Island France (Season 1),3
M,17,Love Island France (Season 1),Dumped,Marvin,3,MarvinLove Island France (Season 1),2
F,13,Love Island France (Season 1),Dumped,Elma,12,ElmaLove Island France (Season 1),0
F,13,Love Island France (Season 1),Dumped,Hanny,12,HannyLove Island France (Season 1),0
F,13,Love Island France (Season 1),Dumped,Julia,7,JuliaLove Island France (Season 1),0
M,11,Love Island France (Season 1),Dumped,Jimmy,1,JimmyLove Island France (Season 1),2
M,11,Love Island France (Season 1),Dumped,Pedro,9,PedroLove Island France (Season 1),0
M,10,Love Island France (Season 1),Dumped,Bilal,1,BilalLove Island France (Season 1),3
F,10,Love Island France (Season 1),Dumped,Cassandra,7,CassandraLove Island France (Season 1),1
F,8,Love Island France (Season 1),Dumped,Lea,1,LeaLove Island France (Season 1),2
F,7,Love Island France (Season 1),Dumped,Alicia,,AliciaLove Island France (Season 1),0
M,5,Love Island France (Season 1),Dumped,Logan,1,LoganLove Island France (Season 1),1
F,4,Love Island France (Season 1),Walked,Sarra,1,SarraLove Island France (Season 1),0
F,22,Love Island Germany (Season 1),Winner,Elena,1,ElenaLove Island Germany (Season 1),2
M,22,Love Island Germany (Season 1),Winner,Jan,1,JanLove Island Germany (Season 1),3
M,22,Love Island Germany (Season 1),Runner-Up,Julian,1,JulianLove Island Germany (Season 1),1
F,22,Love Island Germany (Season 1),Runner-Up,Stephanie,1,StephanieLove Island Germany (Season 1),1
F,22,Love Island Germany (Season 1),Third Place,Chethrin,1,ChethrinLove Island Germany (Season 1),2
M,22,Love Island Germany (Season 1),Third Place,Mike,1,MikeLove Island Germany (Season 1),4
M,22,Love Island Germany (Season 1),Fourth Place,Anthony,3,AnthonyLove Island Germany (Season 1),4
F,22,Love Island Germany (Season 1),Fourth Place,Donna,16,DonnaLove Island Germany (Season 1),1
F,21,Love Island Germany (Season 1),Dumped,Franziska,17,FranziskaLove Island Germany (Season 1),2
M,21,Love Island Germany (Season 1),Dumped,Marvin,13,MarvinLove Island Germany (Season 1),2
F,21,Love Island Germany (Season 1),Dumped,Alina,8,AlinaLove Island Germany (Season 1),3
M,21,Love Island Germany (Season 1),Dumped,Daniel,16,DanielLove Island Germany (Season 1),2
F,18,Love Island Germany (Season 1),Dumped,Katrina,13,KatrinaLove Island Germany (Season 1),1
F,16,Love Island Germany (Season 1),Dumped,Mechelle,3,MechelleLove Island Germany (Season 1),3
M,15,Love Island Germany (Season 1),Dumped,Robin,11,RobinLove Island Germany (Season 1),0
F,15,Love Island Germany (Season 1),Walked,Midi,13,MidiLove Island Germany (Season 1),1
M,13,Love Island Germany (Season 1),Dumped,Andre,1,AndreLove Island Germany (Season 1),2
F,13,Love Island Germany (Season 1),Dumped,Annika,1,AnnikaLove Island Germany (Season 1),2
M,11,Love Island Germany (Season 1),Dumped,Bastian,6,BastianLove Island Germany (Season 1),1
F,11,Love Island Germany (Season 1),Dumped,Linda,1,LindaLove Island Germany (Season 1),2
M,9,Love Island Germany (Season 1),Dumped,Silvain,1,SilvainLove Island Germany (Season 1),1
M,9,Love Island Germany (Season 1),Dumped,Slei,6,SleiLove Island Germany (Season 1),0
F,5,Love Island Germany (Season 1),Dumped,Sabrina,1,SabrinaLove Island Germany (Season 1),1
F,23,Love Island Germany (Season 2),Winner,Tracy,1,TracyLove Island Germany (Season 2),2
M,23,Love Island Germany (Season 2),Winner,Marcellino,1,MarcellinoLove Island Germany (Season 2),3
F,23,Love Island Germany (Season 2),Runner-Up,Natascha,1,NataschaLove Island Germany (Season 2),2
M,23,Love Island Germany (Season 2),Runner-Up,Tobias,1,TobiasLove Island Germany (Season 2),2
M,23,Love Island Germany (Season 2),Third Place,Victor,1,VictorLove Island Germany (Season 2),3
F,23,Love Island Germany (Season 2),Third Place,Joana,14,JoanaLove Island Germany (Season 2),1
F,22,Love Island Germany (Season 2),Dumped,Lisa,1,LisaLove Island Germany (Season 2),3
M,22,Love Island Germany (Season 2),Dumped,Yanik,1,YanikLove Island Germany (Season 2),3
F,22,Love Island Germany (Season 2),Dumped,Jessica,7,JessicaLove Island Germany (Season 2),1
M,22,Love Island Germany (Season 2),Dumped,Sebastien,1,SebastienLove Island Germany (Season 2),2
F,21,Love Island Germany (Season 2),Dumped,Janine,20,JanineLove Island Germany (Season 2),0
M,21,Love Island Germany (Season 2),Dumped,Richard,20,RichardLove Island Germany (Season 2),0
M,20,Love Island Germany (Season 2),Dumped,Babak,14,BabakLove Island Germany (Season 2),1
F,20,Love Island Germany (Season 2),Dumped,Janina,7,JaninaLove Island Germany (Season 2),2
F,19,Love Island Germany (Season 2),Dumped,Julia,1,JuliaLove Island Germany (Season 2),3
M,13,Love Island Germany (Season 2),Dumped,Adnir,9,AdnirLove Island Germany (Season 2),1
F,13,Love Island Germany (Season 2),Dumped,Sabi,3,SabiLove Island Germany (Season 2),1
M,13,Love Island Germany (Season 2),Dumped,Till,1,TillLove Island Germany (Season 2),2
M,12,Love Island Germany (Season 2),Dumped,Christophe,9,ChristopheLove Island Germany (Season 2),0
F,10,Love Island Germany (Season 2),Dumped,Finnja,3,FinnjaLove Island Germany (Season 2),1
F,9,Love Island Germany (Season 2),Dumped,Sabrina,1,SabrinaLove Island Germany (Season 2),1
M,27,Love Island Germany (Season 3),Winner,Sidney,8,SidneyLove Island Germany (Season 3),2
F,27,Love Island Germany (Season 3),Winner,Vivien,12,VivienLove Island Germany (Season 3),1
F,27,Love Island Germany (Season 3),Runner-Up,Samira,1,SamiraLove Island Germany (Season 3),2
M,27,Love Island Germany (Season 3),Runner-Up,Yasin,1,YasinLove Island Germany (Season 3),2
F,27,Love Island Germany (Season 3),Third Place,Lina,12,LinaLove Island Germany (Season 3),1
M,27,Love Island Germany (Season 3),Third Place,Roman,16,RomanLove Island Germany (Season 3),1
F,27,Love Island Germany (Season 3),Fourth Place,Laura,20,LauraLove Island Germany (Season 3),1
M,27,Love Island Germany (Season 3),Fourth Place,Mischa,1,MischaLove Island Germany (Season 3),2
M,26,Love Island Germany (Season 3),Dumped,Danilo,1,DaniloLove Island Germany (Season 3),4
F,4,Love Island Germany (Season 3),Dumped,Dijana,1,DijanaLove Island Germany (Season 3),2
M,25,Love Island Germany (Season 3),Dumped,Aleksandar,8,AleksandarLove Island Germany (Season 3),3
M,25,Love Island Germany (Season 3),Dumped,Marcel,22,MarcelLove Island Germany (Season 3),0
F,25,Love Island Germany (Season 3),Walked,Melissa,1,MelissaLove Island Germany (Season 3),3
F,22,Love Island Germany (Season 3),Walked,Ricarda,1,RicardaLove Island Germany (Season 3),1
M,22,Love Island Germany (Season 3),Dumped,Mustafa,19,MustafaLove Island Germany (Season 3),0
F,21,Love Island Germany (Season 3),Dumped,Dana,12,DanaLove Island Germany (Season 3),1
F,15,Love Island Germany (Season 3),Dumped,Julia,5,JuliaLove Island Germany (Season 3),1
F,15,Love Island Germany (Season 3),Dumped,Lisa,1,LisaLove Island Germany (Season 3),3
F,14,Love Island Germany (Season 3),Dumped,Denise,1,DeniseLove Island Germany (Season 3),3
M,14,Love Island Germany (Season 3),Dumped,Philipp,8,PhilippLove Island Germany (Season 3),1
M,10,Love Island Germany (Season 3),Dumped,Erik,1,ErikLove Island Germany (Season 3),2
M,8,Love Island Germany (Season 3),Walked,Dennis,1,DennisLove Island Germany (Season 3),2
M,7,Love Island Germany (Season 3),Dumped,Amin,3,AminLove Island Germany (Season 3),1
F,7,Love Island Germany (Season 3),Dumped,Asena,1,AsenaLove Island Germany (Season 3),1
M,39,Love Island Greece (Season 1),Winner,Argiris,6,ArgirisLove Island Greece (Season 1),2
F,39,Love Island Greece (Season 1),Winner,Maria,1,MariaLove Island Greece (Season 1),3
F,39,Love Island Greece (Season 1),Runner-Up,Anastasia,1,AnastasiaLove Island Greece (Season 1),4
M,39,Love Island Greece (Season 1),Runner-Up,Giorgos G,1,Giorgos GLove Island Greece (Season 1),4
M,39,Love Island Greece (Season 1),Third Place,Fanis,22,FanisLove Island Greece (Season 1),3
F,39,Love Island Greece (Season 1),Third Place,Nicki,1,NickiLove Island Greece (Season 1),5
M,39,Love Island Greece (Season 1),Fourth Place,Alexandros K,1,Alexandros KLove Island Greece (Season 1),2
F,39,Love Island Greece (Season 1),Fourth Place,Christina,1,ChristinaLove Island Greece (Season 1),3
M,36,Love Island Greece (Season 1),Dumped,Alexandros L,1,Alexandros LLove Island Greece (Season 1),3
F,36,Love Island Greece (Season 1),Dumped,Claudia,1,ClaudiaLove Island Greece (Season 1),4
F,35,Love Island Greece (Season 1),Dumped,Katerina,17,KaterinaLove Island Greece (Season 1),3
M,35,Love Island Greece (Season 1),Dumped,Panagiotis,10,PanagiotisLove Island Greece (Season 1),3
M,28,Love Island Greece (Season 1),Dumped,Christos,21,ChristosLove Island Greece (Season 1),0
M,20,Love Island Greece (Season 1),Dumped,George,13,GeorgeLove Island Greece (Season 1),1
F,20,Love Island Greece (Season 1),Dumped,Julia,15,JuliaLove Island Greece (Season 1),1
M,16,Love Island Greece (Season 1),Dumped,Vasilis,1,VasilisLove Island Greece (Season 1),2
M,14,Love Island Greece (Season 1),Walked,Giorgos K,1,Giorgos KLove Island Greece (Season 1),2
F,14,Love Island Greece (Season 1),Walked,Ioanna,3,IoannaLove Island Greece (Season 1),1
M,9,Love Island Greece (Season 1),Dumped,Thodoris,1,ThodorisLove Island Greece (Season 1),1
F,41,Love Island UK (Season 1),Winner,Jess,1,JessLove Island UK (Season 1),4
M,41,Love Island UK (Season 1),Winner,Max,14,MaxLove Island UK (Season 1),1
F,41,Love Island UK (Season 1),Runner-Up,Hannah,1,HannahLove Island UK (Season 1),1
M,41,Love Island UK (Season 1),Runner-Up,Jon,1,JonLove Island UK (Season 1),2
M,41,Love Island UK (Season 1),Third Place,Josh,1,JoshLove Island UK (Season 1),3
F,41,Love Island UK (Season 1),Third Place,Lauren,1,LaurenLove Island UK (Season 1),3
F,41,Love Island UK (Season 1),Fourth Place,Cally,21,CallyLove Island UK (Season 1),1
M,41,Love Island UK (Season 1),Fourth Place,Luis,1,LuisLove Island UK (Season 1),4
M,35,Love Island UK (Season 1),Dumped,Jordan,1,JordanLove Island UK (Season 1),3
F,35,Love Island UK (Season 1),Dumped,Zoe,1,ZoeLove Island UK (Season 1),3
M,33,Love Island UK (Season 1),Dumped,Ben,32,BenLove Island UK (Season 1),0
F,33,Love Island UK (Season 1),Dumped,Poppy,32,PoppyLove Island UK (Season 1),0
F,28,Love Island UK (Season 1),Dumped,Naomi,7,NaomiLove Island UK (Season 1),1
M,28,Love Island UK (Season 1),Dumped,Travis,21,TravisLove Island UK (Season 1),0
M,21,Love Island UK (Season 1),Dumped,Omar,1,OmarLove Island UK (Season 1),2
F,21,Love Island UK (Season 1),Dumped,Bethany,14,BethanyLove Island UK (Season 1),0
F,19,Love Island UK (Season 1),Dumped,Daisy,7,DaisyLove Island UK (Season 1),1
M,19,Love Island UK (Season 1),Dumped,Chris W,1,Chris WLove Island UK (Season 1),3
M,14,Love Island UK (Season 1),Dumped,Chris B,11,Chris BLove Island UK (Season 1),1
F,14,Love Island UK (Season 1),Dumped,Danielle,1,DanielleLove Island UK (Season 1),3
F,11,Love Island UK (Season 1),Dumped,Rachel,1,RachelLove Island UK (Season 1),1
M,6,Love Island UK (Season 1),Dumped,John,3,JohnLove Island UK (Season 1),0
M,6,Love Island UK (Season 1),Dumped,Tony,3,TonyLove Island UK (Season 1),0
F,45,Love Island UK (Season 2),Winner,Cara,1,CaraLove Island UK (Season 2),1
M,45,Love Island UK (Season 2),Winner,Nathan,1,NathanLove Island UK (Season 2),1
M,45,Love Island UK (Season 2),Runner-Up,Alex,18,AlexLove Island UK (Season 2),1
F,45,Love Island UK (Season 2),Runner-Up,Olivia,1,OliviaLove Island UK (Season 2),4
F,45,Love Island UK (Season 2),Third Place,Kady,3,KadyLove Island UK (Season 2),1
M,58,Love Island UK (Season 2),Third Place,Scott,1,ScottLove Island UK (Season 2),2
M,45,Love Island UK (Season 2),Fourth Place,Adam M,11,Adam MLove Island UK (Season 2),5
F,45,Love Island UK (Season 2),Fourth Place,Katie,34,KatieLove Island UK (Season 2),2
F,41,Love Island UK (Season 2),Dumped,Emma,27,EmmaLove Island UK (Season 2),1
M,41,Love Island UK (Season 2),Dumped,Terry,3,TerryLove Island UK (Season 2),2
M,41,Love Island UK (Season 2),Dumped,Adam J,34,Adam JLove Island UK (Season 2),1
F,41,Love Island UK (Season 2),Dumped,Lauren,37,LaurenLove Island UK (Season 2),1
F,40,Love Island UK (Season 2),Dumped,Tina,20,TinaLove Island UK (Season 2),2
F,39,Love Island UK (Season 2),Walked,Sophie,1,SophieLove Island UK (Season 2),2
M,37,Love Island UK (Season 2),Dumped,Troy,30,TroyLove Island UK (Season 2),1
M,33,Love Island UK (Season 2),Dumped,Tom,1,TomLove Island UK (Season 2),1
F,33,Love Island UK (Season 2),Dumped,Liana,20,LianaLove Island UK (Season 2),1
M,31,Love Island UK (Season 2),Dumped,Oliver,30,OliverLove Island UK (Season 2),0
F,25,Love Island UK (Season 2),Dumped,Malin,1,MalinLove Island UK (Season 2),2
F,22,Love Island UK (Season 2),Walked,Zara,1,ZaraLove Island UK (Season 2),3
M,20,Love Island UK (Season 2),Dumped,James,18,JamesLove Island UK (Season 2),0
M,15,Love Island UK (Season 2),Walked,Rykard,1,RykardLove Island UK (Season 2),3
M,15,Love Island UK (Season 2),Dumped,Daniel,1,DanielLove Island UK (Season 2),2
F,15,Love Island UK (Season 2),Dumped,Rachel,7,RachelLove Island UK (Season 2),1
F,7,Love Island UK (Season 2),Removed,Malia,7,MaliaLove Island UK (Season 2),0
M,6,Love Island UK (Season 2),Dumped,Javi,1,JaviLove Island UK (Season 2),0
F,52,Love Island UK (Season 3),Winner,Amber,1,AmberLove Island UK (Season 3),4
M,52,Love Island UK (Season 3),Winner,Kem,1,KemLove Island UK (Season 3),4
F,52,Love Island UK (Season 3),Runner-Up,Camilla,1,CamillaLove Island UK (Season 3),4
M,52,Love Island UK (Season 3),Runner-Up,Jamie,32,JamieLove Island UK (Season 3),1
M,52,Love Island UK (Season 3),Third Place,Chris,4,ChrisLove Island UK (Season 3),2
F,52,Love Island UK (Season 3),Third Place,Olivia,1,OliviaLove Island UK (Season 3),4
F,52,Love Island UK (Season 3),Fourth Place,Gabby,7,GabbyLove Island UK (Season 3),1
M,52,Love Island UK (Season 3),Fourth Place,Marcel,1,MarcelLove Island UK (Season 3),3
M,50,Love Island UK (Season 3),Dumped,Alex,26,AlexLove Island UK (Season 3),1
F,50,Love Island UK (Season 3),Dumped,Montana,1,MontanaLove Island UK (Season 3),5
F,46,Love Island UK (Season 3),Dumped,Georgia,34,GeorgiaLove Island UK (Season 3),2
M,46,Love Island UK (Season 3),Re-dumped,Sam,1,SamLove Island UK (Season 3),5
M,44,Love Island UK (Season 3),Re-dumped,Mike,12,MikeLove Island UK (Season 3),2
F,44,Love Island UK (Season 3),Dumped,Tyla,19,TylaLove Island UK (Season 3),4
M,41,Love Island UK (Season 3),Dumped,Theo,32,TheoLove Island UK (Season 3),1
M,38,Love Island UK (Season 3),Dumped,Jonny,4,JonnyLove Island UK (Season 3),3
M,31,Love Island UK (Season 3),Dumped,Craig,26,CraigLove Island UK (Season 3),1
M,31,Love Island UK (Season 3),Dumped,Nathan,26,NathanLove Island UK (Season 3),1
F,31,Love Island UK (Season 3),Dumped,Danielle,26,DanielleLove Island UK (Season 3),1
F,31,Love Island UK (Season 3),Dumped,Chyna,26,ChynaLove Island UK (Season 3),1
F,28,Love Island UK (Season 3),Dumped,Amelia,26,AmeliaLove Island UK (Season 3),0
M,28,Love Island UK (Season 3),Dumped,Dom,1,DomLove Island UK (Season 3),3
F,28,Love Island UK (Season 3),Dumped,Ellisha-Jade,26,Ellisha-JadeLove Island UK (Season 3),0
M,28,Love Island UK (Season 3),Dumped,Marino,26,MarinoLove Island UK (Season 3),0
M,28,Love Island UK (Season 3),Dumped,Rob,26,RobLove Island UK (Season 3),0
F,28,Love Island UK (Season 3),Dumped,Shannen,26,ShannenLove Island UK (Season 3),0
M,28,Love Island UK (Season 3),Dumped,Steve,26,SteveLove Island UK (Season 3),0
M,25,Love Island UK (Season 3),Dumped,Simon,19,SimonLove Island UK (Season 3),2
F,23,Love Island UK (Season 3),Dumped,Chloë,1,ChloëLove Island UK (Season 3),3
F,17,Love Island UK (Season 3),Dumped,Jessica,1,JessicaLove Island UK (Season 3),1
F,14,Love Island UK (Season 3),Dumped,Tyne-Lexy,7,Tyne-LexyLove Island UK (Season 3),0
M,6,Love Island UK (Season 3),Dumped,Harley,1,HarleyLove Island UK (Season 3),1
F,59,Love Island UK (Season 4),Winner,Dani,1,DaniLove Island UK (Season 4),1
M,59,Love Island UK (Season 4),Winner,Jack Fi,1,Jack FiLove Island UK (Season 4),1
F,59,Love Island UK (Season 4),Runner-Up,Laura A,1,Laura ALove Island UK (Season 4),3
M,59,Love Island UK (Season 4),Runner-Up,Paul,43,PaulLove Island UK (Season 4),1
M,59,Love Island UK (Season 4),Third Place,Josh D,8,Josh DLove Island UK (Season 4),2
F,59,Love Island UK (Season 4),Third Place,Kazimir,26,KazimirLove Island UK (Season 4),1
F,59,Love Island UK (Season 4),Fourth Place,Megan,8,MeganLove Island UK (Season 4),3
M,59,Love Island UK (Season 4),Fourth Place,Wes,1,WesLove Island UK (Season 4),2
M,57,Love Island UK (Season 4),Dumped,Alex G,1,Alex GLove Island UK (Season 4),4
F,57,Love Island UK (Season 4),Dumped,Alexandra,38,AlexandraLove Island UK (Season 4),1
M,53,Love Island UK (Season 4),Dumped,Jack Fo,26,Jack FoLove Island UK (Season 4),2
F,53,Love Island UK (Season 4),Dumped,Laura C,43,Laura CLove Island UK (Season 4),1
M,50,Love Island UK (Season 4),Dumped,Josh M,43,Josh MLove Island UK (Season 4),1
F,50,Love Island UK (Season 4),Dumped,Stephanie,43,StephanieLove Island UK (Season 4),1
F,47,Love Island UK (Season 4),Dumped,Georgia,4,GeorgiaLove Island UK (Season 4),3
M,47,Love Island UK (Season 4),Dumped,Sam,19,SamLove Island UK (Season 4),3
M,43,Love Island UK (Season 4),Dumped,Charlie B,26,Charlie BLove Island UK (Season 4),1
F,43,Love Island UK (Season 4),Dumped,Ellie B,15,Ellie BLove Island UK (Season 4),2
M,40,Love Island UK (Season 4),Dumped,Idris,36,IdrisLove Island UK (Season 4),0
M,40,Love Island UK (Season 4),Dumped,Kieran,36,KieranLove Island UK (Season 4),0
F,40,Love Island UK (Season 4),Walked,Samira,1,SamiraLove Island UK (Season 4),3
M,36,Love Island UK (Season 4),Dumped,Frankie,26,FrankieLove Island UK (Season 4),1
F,36,Love Island UK (Season 4),Dumped,Grace,26,GraceLove Island UK (Season 4),1
M,32,Love Island UK (Season 4),Dumped,Adam,1,AdamLove Island UK (Season 4),4
M,32,Love Island UK (Season 4),Dumped,Alex M,26,Alex MLove Island UK (Season 4),1
F,32,Love Island UK (Season 4),Dumped,Darylle,26,DarylleLove Island UK (Season 4),1
F,32,Love Island UK (Season 4),Dumped,Ellie J,26,Ellie JLove Island UK (Season 4),1
F,30,Love Island UK (Season 4),Dumped,Charlie W,26,Charlie WLove Island UK (Season 4),0
M,30,Love Island UK (Season 4),Dumped,Dean,26,DeanLove Island UK (Season 4),0
M,30,Love Island UK (Season 4),Dumped,Jordan,26,JordanLove Island UK (Season 4),0
F,30,Love Island UK (Season 4),Dumped,Savanna,26,SavannaLove Island UK (Season 4),0
F,25,Love Island UK (Season 4),Dumped,Zara,15,ZaraLove Island UK (Season 4),1
M,25,Love Island UK (Season 4),Dumped,Eyal,1,EyalLove Island UK (Season 4),2
F,20,Love Island UK (Season 4),Dumped,Rosie,4,RosieLove Island UK (Season 4),1
M,13,Love Island UK (Season 4),Dumped,Charlie F,8,Charlie FLove Island UK (Season 4),1
F,13,Love Island UK (Season 4),Dumped,Hayley,1,HayleyLove Island UK (Season 4),2
M,9,Love Island UK (Season 4),Walked,Niall,1,NiallLove Island UK (Season 4),2
F,6,Love Island UK (Season 4),Dumped,Kendall,1,KendallLove Island UK (Season 4),1
F,58,Love Island UK (Season 5),Winner,Amber,1,AmberLove Island UK (Season 5),5
M,58,Love Island UK (Season 5),Winner,Greg,43,GregLove Island UK (Season 5),1
F,58,Love Island UK (Season 5),Runner-Up,Molly-Mae,4,Molly-MaeLove Island UK (Season 5),1
M,58,Love Island UK (Season 5),Runner-Up,Tommy,1,TommyLove Island UK (Season 5),1
F,58,Love Island UK (Season 5),Third Place,India,43,IndiaLove Island UK (Season 5),1
M,58,Love Island UK (Season 5),Third Place,Ovie,26,OvieLove Island UK (Season 5),3
M,58,Love Island UK (Season 5),Fourth Place,Curtis,1,CurtisLove Island UK (Season 5),3
F,58,Love Island UK (Season 5),Fourth Place,Maura,10,MauraLove Island UK (Season 5),4
M,56,Love Island UK (Season 5),Dumped,Anton,1,AntonLove Island UK (Season 5),5
F,56,Love Island UK (Season 5),Dumped,Belle,26,BelleLove Island UK (Season 5),1
F,52,Love Island UK (Season 5),Dumped,Anna,1,AnnaLove Island UK (Season 5),3
M,52,Love Island UK (Season 5),Dumped,Chris,37,ChrisLove Island UK (Season 5),2
F,52,Love Island UK (Season 5),Dumped,Harley,43,HarleyLove Island UK (Season 5),1
M,52,Love Island UK (Season 5),Dumped,Jordan,14,JordanLove Island UK (Season 5),1
F,49,Love Island UK (Season 5),Dumped,Francesca,37,FrancescaLove Island UK (Season 5),2
M,49,Love Island UK (Season 5),Dumped,Michael,1,MichaelLove Island UK (Season 5),4
F,42,Love Island UK (Season 5),Dumped,Joanna,26,JoannaLove Island UK (Season 5),1
M,39,Love Island UK (Season 5),Dumped,Marvin,26,MarvinLove Island UK (Season 5),1
F,37,Love Island UK (Season 5),Walked,Amy,1,AmyLove Island UK (Season 5),2
M,36,Love Island UK (Season 5),Dumped,George,26,GeorgeLove Island UK (Season 5),1
F,36,Love Island UK (Season 5),Dumped,Lucie,1,LucieLove Island UK (Season 5),3
M,36,Love Island UK (Season 5),Dumped,Danny,6,DannyLove Island UK (Season 5),3
F,36,Love Island UK (Season 5),Dumped,Jourdan,26,JourdanLove Island UK (Season 5),1
M,30,Love Island UK (Season 5),Dumped,Dan,26,DanLove Island UK (Season 5),0
M,30,Love Island UK (Season 5),Dumped,Dennon,26,DennonLove Island UK (Season 5),0
F,30,Love Island UK (Season 5),Dumped,Lavena,26,LavenaLove Island UK (Season 5),0
F,30,Love Island UK (Season 5),Dumped,Maria,26,MariaLove Island UK (Season 5),0
F,30,Love Island UK (Season 5),Dumped,Nabila,26,NabilaLove Island UK (Season 5),0
M,30,Love Island UK (Season 5),Dumped,Stevie,26,StevieLove Island UK (Season 5),0
F,25,Love Island UK (Season 5),Dumped,Arabella,18,ArabellaLove Island UK (Season 5),1
M,25,Love Island UK (Season 5),Dumped,Tom,14,TomLove Island UK (Season 5),1
F,22,Love Island UK (Season 5),Dumped,Yewande,1,YewandeLove Island UK (Season 5),2
F,16,Love Island UK (Season 5),Dumped,Elma,10,ElmaLove Island UK (Season 5),1
M,16,Love Island UK (Season 5),Dumped,Joe,1,JoeLove Island UK (Season 5),1
M,9,Love Island UK (Season 5),Removed,Sherif,1,SherifLove Island UK (Season 5),1
M,5,Love Island UK (Season 5),Dumped,Callum,1,CallumLove Island UK (Season 5),1
M,43,Love Island UK (Season 6),Winner,Finley,5,FinleyLove Island UK (Season 6),1
F,43,Love Island UK (Season 6),Winner,Paige,1,PaigeLove Island UK (Season 6),2
M,43,Love Island UK (Season 6),Runner-Up,Luke T,12,Luke TLove Island UK (Season 6),2
F,43,Love Island UK (Season 6),Runner-Up,Siânnise,1,SiânniseLove Island UK (Season 6),3
F,43,Love Island UK (Season 6),Third Place,Demi,16,DemiLove Island UK (Season 6),2
M,43,Love Island UK (Season 6),Third Place,Luke M,12,Luke MLove Island UK (Season 6),3
M,43,Love Island UK (Season 6),Fourth Place,Ched,21,ChedLove Island UK (Season 6),1
F,43,Love Island UK (Season 6),Fourth Place,Jess,1,JessLove Island UK (Season 6),3
M,41,Love Island UK (Season 6),Dumped,Mike,1,MikeLove Island UK (Season 6),3
F,41,Love Island UK (Season 6),Dumped,Priscilla,23,PriscillaLove Island UK (Season 6),1
M,38,Love Island UK (Season 6),Dumped,Callum,1,CallumLove Island UK (Season 6),2
F,38,Love Island UK (Season 6),Dumped,Molly,23,MollyLove Island UK (Season 6),1
M,38,Love Island UK (Season 6),Dumped,Jamie C,31,Jamie CLove Island UK (Season 6),1
F,38,Love Island UK (Season 6),Dumped,Natalia,21,NataliaLove Island UK (Season 6),2
F,33,Love Island UK (Season 6),Dumped,Shaughna,1,ShaughnaLove Island UK (Season 6),1
F,30,Love Island UK (Season 6),Dumped,Eva,23,EvaLove Island UK (Season 6),1
M,30,Love Island UK (Season 6),Dumped,Jordan,23,JordanLove Island UK (Season 6),1
M,30,Love Island UK (Season 6),Dumped,Nas,1,NasLove Island UK (Season 6),4
F,30,Love Island UK (Season 6),Dumped,Rebecca,9,RebeccaLove Island UK (Season 6),3
M,26,Love Island UK (Season 6),Dumped,Alexi,23,AlexiLove Island UK (Season 6),0
M,26,Love Island UK (Season 6),Dumped,Biggs,23,BiggsLove Island UK (Season 6),0
M,26,Love Island UK (Season 6),Dumped,George,23,GeorgeLove Island UK (Season 6),0
F,26,Love Island UK (Season 6),Dumped,Jade,23,JadeLove Island UK (Season 6),0
F,26,Love Island UK (Season 6),Dumped,Jamie M,23,Jamie MLove Island UK (Season 6),0
M,26,Love Island UK (Season 6),Dumped,Josh,23,JoshLove Island UK (Season 6),0
F,22,Love Island UK (Season 6),Dumped,Sophie,1,SophieLove Island UK (Season 6),3
M,22,Love Island UK (Season 6),Dumped,Wallace,16,WallaceLove Island UK (Season 6),1
F,18,Love Island UK (Season 6),Dumped,Leanne,1,LeanneLove Island UK (Season 6),1
M,15,Love Island UK (Season 6),Dumped,Connor,1,ConnorLove Island UK (Season 6),2
M,13,Love Island UK (Season 6),Dumped,Connagh,5,ConnaghLove Island UK (Season 6),1
F,6,Love Island UK (Season 6),Dumped,Eve,1,EveLove Island UK (Season 6),0
M,4,Love Island UK (Season 6),Walked,Ollie,1,OllieLove Island UK (Season 6),1
M,58,Love Island UK (Season 7),Winner,Liam,4,LiamLove Island UK (Season 7),2
F,58,Love Island UK (Season 7),Winner,Millie,9,MillieLove Island UK (Season 7),1
F,58,Love Island UK (Season 7),Runner-Up,Chloe,1,ChloeLove Island UK (Season 7),3
M,58,Love Island UK (Season 7),Runner-Up,Toby,1,TobyLove Island UK (Season 7),4
F,58,Love Island UK (Season 7),Third Place,Faye,1,FayeLove Island UK (Season 7),4
M,58,Love Island UK (Season 7),Third Place,Teddy,12,TeddyLove Island UK (Season 7),1
F,58,Love Island UK (Season 7),Fourth Place,Kaz,1,KazLove Island UK (Season 7),4
M,58,Love Island UK (Season 7),Fourth Place,Tyler,23,TylerLove Island UK (Season 7),2
M,54,Love Island UK (Season 7),Walked,Jake,1,JakeLove Island UK (Season 7),1
F,54,Love Island UK (Season 7),Walked,Liberty,1,LibertyLove Island UK (Season 7),1
M,52,Love Island UK (Season 7),Dumped,Aaron S,42,Aaron SLove Island UK (Season 7),1
F,52,Love Island UK (Season 7),Dumped,Mary,29,MaryLove Island UK (Season 7),3
M,50,Love Island UK (Season 7),Dumped,Brett,44,BrettLove Island UK (Season 7),1
F,50,Love Island UK (Season 7),Dumped,Priya,42,PriyaLove Island UK (Season 7),1
M,45,Love Island UK (Season 7),Dumped,Matthew,29,MatthewLove Island UK (Season 7),1
F,42,Love Island UK (Season 7),Dumped,Abigail,23,AbigailLove Island UK (Season 7),2
M,42,Love Island UK (Season 7),Dumped,Dale,29,DaleLove Island UK (Season 7),2
F,38,Love Island UK (Season 7),Dumped,Amy,29,AmyLove Island UK (Season 7),1
F,38,Love Island UK (Season 7),Dumped,Clarisse,29,ClarisseLove Island UK (Season 7),1
M,38,Love Island UK (Season 7),Dumped,Hugo,1,HugoLove Island UK (Season 7),4
M,38,Love Island UK (Season 7),Dumped,Sam,29,SamLove Island UK (Season 7),2
M,32,Love Island UK (Season 7),Dumped,Harry,29,HarryLove Island UK (Season 7),0
M,32,Love Island UK (Season 7),Dumped,Jack,29,JackLove Island UK (Season 7),0
F,32,Love Island UK (Season 7),Dumped,Kaila,29,KailaLove Island UK (Season 7),0
F,32,Love Island UK (Season 7),Dumped,Lillie,29,LillieLove Island UK (Season 7),0
M,32,Love Island UK (Season 7),Dumped,Medhy,29,MedhyLove Island UK (Season 7),0
F,32,Love Island UK (Season 7),Dumped,Salma,29,SalmaLove Island UK (Season 7),0
M,28,Love Island UK (Season 7),Dumped,Aaron F,1,Aaron FLove Island UK (Season 7),4
F,28,Love Island UK (Season 7),Dumped,Lucinda,9,LucindaLove Island UK (Season 7),3
F,25,Love Island UK (Season 7),Dumped,Georgia,23,GeorgiaLove Island UK (Season 7),0
F,23,Love Island UK (Season 7),Dumped,AJ,17,AJLove Island UK (Season 7),1
M,23,Love Island UK (Season 7),Dumped,Danny,18,DannyLove Island UK (Season 7),1
F,19,Love Island UK (Season 7),Dumped,Sharon,1,SharonLove Island UK (Season 7),2
M,16,Love Island UK (Season 7),Dumped,Brad,1,BradLove Island UK (Season 7),2
F,14,Love Island UK (Season 7),Dumped,Rachel,5,RachelLove Island UK (Season 7),0
M,6,Love Island UK (Season 7),Dumped,Chuggs,4,ChuggsLove Island UK (Season 7),0
F,2,Love Island UK (Season 7),Dumped,Shannon,1,ShannonLove Island UK (Season 7),1
M,58,Love Island UK (Season 8),Winner,Davide,1,DavideLove Island UK (Season 8),3
F,58,Love Island UK (Season 8),Winner,Ekin-Su,3,Ekin-SuLove Island UK (Season 8),3
F,58,Love Island UK (Season 8),Runner-Up,Gemma,1,GemmaLove Island UK (Season 8),3
M,58,Love Island UK (Season 8),Runner-Up,Luca,1,LucaLove Island UK (Season 8),3
M,58,Love Island UK (Season 8),Third Place,Dami,1,DamiLove Island UK (Season 8),3
F,58,Love Island UK (Season 8),Third Place,Indiyah,1,IndiyahLove Island UK (Season 8),3
M,58,Love Island UK (Season 8),Fourth Place,Andrew,1,AndrewLove Island UK (Season 8),2
F,58,Love Island UK (Season 8),Fourth Place,Tasha,1,TashaLove Island UK (Season 8),2
M,56,Love Island UK (Season 8),Dumped,Adam,36,AdamLove Island UK (Season 8),1
F,56,Love Island UK (Season 8),Dumped,Paige,1,PaigeLove Island UK (Season 8),4
F,51,Love Island UK (Season 8),Dumped,Danica,12,DanicaLove Island UK (Season 8),6
M,51,Love Island UK (Season 8),Dumped,Jamie,45,JamieLove Island UK (Season 8),1
M,49,Love Island UK (Season 8),Dumped,Deji,26,DejiLove Island UK (Season 8),3
F,49,Love Island UK (Season 8),Dumped,Lacey,45,LaceyLove Island UK (Season 8),1
F,49,Love Island UK (Season 8),Dumped,Nathalia,45,NathaliaLove Island UK (Season 8),1
M,49,Love Island UK (Season 8),Dumped,Reece,45,ReeceLove Island UK (Season 8),1
M,44,Love Island UK (Season 8),Dumped,Billy,26,BillyLove Island UK (Season 8),2
F,44,Love Island UK (Season 8),Dumped,Summer,27,SummerLove Island UK (Season 8),2
F,39,Love Island UK (Season 8),Dumped,Coco,27,CocoLove Island UK (Season 8),2
M,39,Love Island UK (Season 8),Dumped,Josh,26,JoshLove Island UK (Season 8),2
M,37,Love Island UK (Season 8),Walked,Jacques,7,JacquesLove Island UK (Season 8),2
F,35,Love Island UK (Season 8),Dumped,Chyna,27,ChynaLove Island UK (Season 8),1
M,35,Love Island UK (Season 8),Dumped,Jay,9,JayLove Island UK (Season 8),4
F,31,Love Island UK (Season 8),Dumped,Cheyanne,27,CheyanneLove Island UK (Season 8),0
M,31,Love Island UK (Season 8),Dumped,George,26,GeorgeLove Island UK (Season 8),0
M,31,Love Island UK (Season 8),Dumped,Jack,26,JackLove Island UK (Season 8),0
F,31,Love Island UK (Season 8),Dumped,Jazmine,27,JazmineLove Island UK (Season 8),0
F,31,Love Island UK (Season 8),Dumped,Mollie,27,MollieLove Island UK (Season 8),0
M,31,Love Island UK (Season 8),Dumped,Samuel,26,SamuelLove Island UK (Season 8),0
F,25,Love Island UK (Season 8),Dumped,Antigoni,17,AntigoniLove Island UK (Season 8),2
M,25,Love Island UK (Season 8),Dumped,Charlie,17,CharlieLove Island UK (Season 8),2
F,15,Love Island UK (Season 8),Dumped,Amber,1,AmberLove Island UK (Season 8),1
M,15,Love Island UK (Season 8),Dumped,Ikenna,1,IkennaLove Island UK (Season 8),1
M,12,Love Island UK (Season 8),Dumped,Remi,9,RemiLove Island UK (Season 8),0
F,8,Love Island UK (Season 8),Dumped,Afia,3,AfiaLove Island UK (Season 8),0
M,5,Love Island UK (Season 8),Walked,Liam,1,LiamLove Island UK (Season 8),1
M,43,Love Island Netherlands,Winner,Daniel,1,DanielLove Island Netherlands,3
F,43,Love Island Netherlands,Winner,Floor,31,FloorLove Island Netherlands,1
F,43,Love Island Netherlands,Runner-Up,Lisa,1,LisaLove Island Netherlands,3
M,43,Love Island Netherlands,Runner-Up,Thijs,1,ThijsLove Island Netherlands,1
F,43,Love Island Netherlands,Third Place,Victoria,1,VictoriaLove Island Netherlands,1
M,43,Love Island Netherlands,Third Place,Ziggy,1,ZiggyLove Island Netherlands,1
F,43,Love Island Netherlands,Fourth Place,Alicia,1,AliciaLove Island Netherlands,2
M,43,Love Island Netherlands,Fourth Place,Nick,23,NickLove Island Netherlands,1
F,41,Love Island Netherlands,Dumped,Cheyenne,4,CheyenneLove Island Netherlands,2
M,41,Love Island Netherlands,Dumped,Mac,1,MacLove Island Netherlands,2
F,37,Love Island Netherlands,Dumped,Gabriëlla,22,GabriëllaLove Island Netherlands,1
M,37,Love Island Netherlands,Dumped,Luca,1,LucaLove Island Netherlands,2
M,37,Love Island Netherlands,Dumped,Ricardo,29,RicardoLove Island Netherlands,1
M,34,Love Island Netherlands,Dumped,Max,29,MaxLove Island Netherlands,0
M,29,Love Island Netherlands,Dumped,Jaap,14,JaapLove Island Netherlands,1
M,29,Love Island Netherlands,Dumped,Jamey,14,JameyLove Island Netherlands,1
F,29,Love Island Netherlands,Dumped,Natascha,10,NataschaLove Island Netherlands,1
F,29,Love Island Netherlands,Dumped,Sha,1,ShaLove Island Netherlands,2
F,22,Love Island Netherlands,Dumped,Laura,17,LauraLove Island Netherlands,0
F,11,Love Island Netherlands,Dumped,Melody,1,MelodyLove Island Netherlands,1
M,11,Love Island Netherlands,Dumped,Ray,1,RayLove Island Netherlands,1
F,7,Love Island Netherlands,Dumped,Valerie,4,ValerieLove Island Netherlands,0
F,37,Love Island Norway (Season 1),Winner,Andrea,1,AndreaLove Island Norway (Season 1),2
M,37,Love Island Norway (Season 1),Winner,Morten,1,MortenLove Island Norway (Season 1),2
M,37,Love Island Norway (Season 1),Runner-Up,Cristian,1,CristianLove Island Norway (Season 1),1
F,37,Love Island Norway (Season 1),Runner-Up,Ellinor,1,EllinorLove Island Norway (Season 1),1
F,37,Love Island Norway (Season 1),Third Place,Bruna,1,BrunaLove Island Norway (Season 1),2
M,37,Love Island Norway (Season 1),Third Place,Nicklas,3,NicklasLove Island Norway (Season 1),1
M,34,Love Island Norway (Season 1),Dumped,Andreas,1,AndreasLove Island Norway (Season 1),2
F,32,Love Island Norway (Season 1),Dumped,Silje,4,SiljeLove Island Norway (Season 1),1
F,32,Love Island Norway (Season 1),Dumped,Anne Marthe,21,Anne MartheLove Island Norway (Season 1),1
M,34,Love Island Norway (Season 1),Dumped,Martin,1,MartinLove Island Norway (Season 1),3
M,32,Love Island Norway (Season 1),Dumped,Einar,23,EinarLove Island Norway (Season 1),1
F,32,Love Island Norway (Season 1),Dumped,Magnhild,1,MagnhildLove Island Norway (Season 1),3
F,29,Love Island Norway (Season 1),Dumped,Rebekka,26,RebekkaLove Island Norway (Season 1),0
M,26,Love Island Norway (Season 1),Dumped,Pal-Espen,19,Pal-EspenLove Island Norway (Season 1),1
F,26,Love Island Norway (Season 1),Dumped,Viktoria,1,ViktoriaLove Island Norway (Season 1),4
F,22,Love Island Norway (Season 1),Dumped,Maren,18,MarenLove Island Norway (Season 1),1
M,22,Love Island Norway (Season 1),Dumped,Marius M,14,Marius MLove Island Norway (Season 1),1
M,21,Love Island Norway (Season 1),Dumped,Henrik,19,HenrikLove Island Norway (Season 1),0
F,18,Love Island Norway (Season 1),Dumped,Ina-Caroline,16,Ina-CarolineLove Island Norway (Season 1),0
F,18,Love Island Norway (Season 1),Dumped,Isabelle,16,IsabelleLove Island Norway (Season 1),0
M,12,Love Island Norway (Season 1),Dumped,Arwin,1,ArwinLove Island Norway (Season 1),2
M,8,Love Island Norway (Season 1),Dumped,Marius G,1,Marius GLove Island Norway (Season 1),1
F,5,Love Island Norway (Season 1),Dumped,Else,1,ElseLove Island Norway (Season 1),0
M,52,Love Island Norway (Season 2),Winner,Johannes,1,JohannesLove Island Norway (Season 2),1
F,52,Love Island Norway (Season 2),Winner,Nora,1,NoraLove Island Norway (Season 2),1
F,52,Love Island Norway (Season 2),Runner-Up,Iselin,1,IselinLove Island Norway (Season 2),2
M,52,Love Island Norway (Season 2),Runner-Up,Omid,4,OmidLove Island Norway (Season 2),1
M,52,Love Island Norway (Season 2),Third Place,Ali,1,AliLove Island Norway (Season 2),3
F,52,Love Island Norway (Season 2),Third Place,Mie,1,MieLove Island Norway (Season 2),2
M,48,Love Island Norway (Season 2),Dumped,Nathan,1,NathanLove Island Norway (Season 2),1
F,48,Love Island Norway (Season 2),Dumped,Thammy,1,ThammyLove Island Norway (Season 2),1
F,47,Love Island Norway (Season 2),Dumped,Sofie,34,SofieLove Island Norway (Season 2),2
M,47,Love Island Norway (Season 2),Dumped,Victor,22,VictorLove Island Norway (Season 2),3
F,47,Love Island Norway (Season 2),Dumped,Elisabeth,37,ElisabethLove Island Norway (Season 2),1
M,47,Love Island Norway (Season 2),Dumped,Sanpreet,39,SanpreetLove Island Norway (Season 2),1
F,43,Love Island Norway (Season 2),Dumped,Christina,22,ChristinaLove Island Norway (Season 2),2
M,40,Love Island Norway (Season 2),Dumped,Jon,18,JonLove Island Norway (Season 2),2
F,40,Love Island Norway (Season 2),Dumped,Alexandra,22,AlexandraLove Island Norway (Season 2),2
M,40,Love Island Norway (Season 2),Dumped,Marius,28,MariusLove Island Norway (Season 2),1
M,34,Love Island Norway (Season 2),Dumped,Antony,28,AntonyLove Island Norway (Season 2),0
M,30,Love Island Norway (Season 2),Dumped,Ida,1,IdaLove Island Norway (Season 2),3
M,30,Love Island Norway (Season 2),Dumped,Thomas,22,ThomasLove Island Norway (Season 2),1
F,27,Love Island Norway (Season 2),Dumped,Andrea,22,AndreaLove Island Norway (Season 2),0
M,23,Love Island Norway (Season 2),Dumped,Ådne,1,ÅdneLove Island Norway (Season 2),3
M,23,Love Island Norway (Season 2),Dumped,Andreas,10,AndreasLove Island Norway (Season 2),1
F,23,Love Island Norway (Season 2),Dumped,Caroline,11,CarolineLove Island Norway (Season 2),1
F,23,Love Island Norway (Season 2),Dumped,Oda,1,OdaLove Island Norway (Season 2),3
F,17,Love Island Norway (Season 2),Dumped,Tanja,9,TanjaLove Island Norway (Season 2),0
M,10,Love Island Norway (Season 2),Dumped,Esklid,1,EsklidLove Island Norway (Season 2),2
M,7,Love Island Norway (Season 2),Dumped,Emilio,1,EmilioLove Island Norway (Season 2),0
F,40,Love Island Poland (Season 6),Winner,Angelina,23,AngelinaLove Island Poland (Season 6),1
M,40,Love Island Poland (Season 6),Winner,Sasha,17,SashaLove Island Poland (Season 6),3
M,40,Love Island Poland (Season 6),Runner-Up,Sebastian,1,SebastianLove Island Poland (Season 6),3
F,40,Love Island Poland (Season 6),Runner-Up,Wiktoria,1,WiktoriaLove Island Poland (Season 6),3
M,40,Love Island Poland (Season 6),Third Place,Kuba,1,KubaLove Island Poland (Season 6),3
F,40,Love Island Poland (Season 6),Third Place,Weronika P,1,Weronika PLove Island Poland (Season 6),2
M,40,Love Island Poland (Season 6),Fourth Place,Kamil,1,KamilLove Island Poland (Season 6),3
F,40,Love Island Poland (Season 6),Fourth Place,Sara,5,SaraLove Island Poland (Season 6),2
M,37,Love Island Poland (Season 6),Dumped,Pawel P,23,Pawel PLove Island Poland (Season 6),1
F,37,Love Island Poland (Season 6),Dumped,Roksana,12,RoksanaLove Island Poland (Season 6),4
M,34,Love Island Poland (Season 6),Dumped,Patryk S,23,Patryk SLove Island Poland (Season 6),1
F,34,Love Island Poland (Season 6),Dumped,Paula,2,PaulaLove Island Poland (Season 6),4
F,29,Love Island Poland (Season 6),Dumped,Alicja,23,AlicjaLove Island Poland (Season 6),1
M,29,Love Island Poland (Season 6),Dumped,Piotrek,23,PiotrekLove Island Poland (Season 6),1
M,29,Love Island Poland (Season 6),Walked,Pawel M,9,Pawel MLove Island Poland (Season 6),1
F,28,Love Island Poland (Season 6),Walked,Natalia L,15,Natalia LLove Island Poland (Season 6),2
M,28,Love Island Poland (Season 6),Dumped,Daniel,9,DanielLove Island Poland (Season 6),3
F,27,Love Island Poland (Season 6),Dumped,Ada,23,AdaLove Island Poland (Season 6),0
M,27,Love Island Poland (Season 6),Dumped,Jakub S,23,Jakub SLove Island Poland (Season 6),0
F,27,Love Island Poland (Season 6),Dumped,Klaudia,23,KlaudiaLove Island Poland (Season 6),0
F,27,Love Island Poland (Season 6),Dumped,Natalia W,23,Natalia WLove Island Poland (Season 6),0
M,27,Love Island Poland (Season 6),Dumped,Patryk P,23,Patryk PLove Island Poland (Season 6),0
F,13,Love Island Poland (Season 6),Dumped,Weronika B,2,Weronika BLove Island Poland (Season 6),2
M,10,Love Island Poland (Season 6),Dumped,Konrad,5,KonradLove Island Poland (Season 6),1
M,10,Love Island Poland (Season 6),Dumped,Pawel H,1,Pawel HLove Island Poland (Season 6),2
F,8,Love Island Poland (Season 6),Dumped,Inez,1,InezLove Island Poland (Season 6),1
F,6,Love Island Poland (Season 6),Dumped,Karolina,1,KarolinaLove Island Poland (Season 6),2
M,6,Love Island Poland (Season 6),Dumped,Mateusz,1,MateuszLove Island Poland (Season 6),2
F,50,Love Island Sweden (Season 2),Winner,Sofia,35,SofiaLove Island Sweden (Season 2),1
M,50,Love Island Sweden (Season 2),Winner,Simon D,31,Simon DLove Island Sweden (Season 2),2
M,50,Love Island Sweden (Season 2),Runner-Up,Jimmy,3,JimmyLove Island Sweden (Season 2),1
F,50,Love Island Sweden (Season 2),Runner-Up,Lisa,1,LisaLove Island Sweden (Season 2),2
F,50,Love Island Sweden (Season 2),Third Place,Anna,1,AnnaLove Island Sweden (Season 2),1
M,50,Love Island Sweden (Season 2),Third Place,Anton,1,AntonLove Island Sweden (Season 2),2
M,50,Love Island Sweden (Season 2),Fourth Place,Elias,1,EliasLove Island Sweden (Season 2),4
F,50,Love Island Sweden (Season 2),Fourth Place,Thérèse,1,ThérèseLove Island Sweden (Season 2),5
F,49,Love Island Sweden (Season 2),Dumped,Evelina,14,EvelinaLove Island Sweden (Season 2),4
M,49,Love Island Sweden (Season 2),Dumped,Patrik,1,PatrikLove Island Sweden (Season 2),3
M,48,Love Island Sweden (Season 2),Dumped,Edem,27,EdemLove Island Sweden (Season 2),3
F,48,Love Island Sweden (Season 2),Dumped,Jonna,37,JonnaLove Island Sweden (Season 2),2
F,44,Love Island Sweden (Season 2),Dumped,Andrea,21,AndreaLove Island Sweden (Season 2),3
M,44,Love Island Sweden (Season 2),Dumped,JonFelix,35,JonFelixLove Island Sweden (Season 2),1
M,43,Love Island Sweden (Season 2),Dumped,Joakim,40,JoakimLove Island Sweden (Season 2),0
F,39,Love Island Sweden (Season 2),Walked,Zabrina,1,ZabrinaLove Island Sweden (Season 2),2
F,35,Love Island Sweden (Season 2),Dumped,Ebba,29,EbbaLove Island Sweden (Season 2),1
M,35,Love Island Sweden (Season 2),Dumped,Erik,21,ErikLove Island Sweden (Season 2),2
M,35,Love Island Sweden (Season 2),Dumped,Jonathan,21,JonathanLove Island Sweden (Season 2),3
F,35,Love Island Sweden (Season 2),Dumped,Melinda,29,MelindaLove Island Sweden (Season 2),1
F,28,Love Island Sweden (Season 2),Dumped,Jacqueline,21,JacquelineLove Island Sweden (Season 2),1
M,28,Love Island Sweden (Season 2),Dumped,Simon C,21,Simon CLove Island Sweden (Season 2),2
F,25,Love Island Sweden (Season 2),Dumped,Linnea,21,LinneaLove Island Sweden (Season 2),1
M,20,Love Island Sweden (Season 2),Dumped,Hugo,10,HugoLove Island Sweden (Season 2),1
F,20,Love Island Sweden (Season 2),Dumped,Malin,14,MalinLove Island Sweden (Season 2),1
M,19,Love Island Sweden (Season 2),Walked,Daniel,,DanielLove Island Sweden (Season 2),1
M,17,Love Island Sweden (Season 2),Dumped,Christos,1,ChristosLove Island Sweden (Season 2),2
F,14,Love Island Sweden (Season 2),Walked,Elin,1,ElinLove Island Sweden (Season 2),2
F,12,Love Island Sweden (Season 2),Dumped,Josefin,6,JosefinLove Island Sweden (Season 2),1
M,12,Love Island Sweden (Season 2),Dumped,Tobias,3,TobiasLove Island Sweden (Season 2),1
M,8,Love Island Sweden (Season 2),Dumped,Musse,1,MusseLove Island Sweden (Season 2),1
F,4,Love Island Sweden (Season 2),Dumped,Anna-Karin,1,Anna-KarinLove Island Sweden (Season 2),1
F,27,Love Island USA (Season 1),Winner,Elizabeth,1,ElizabethLove Island USA (Season 1),1
M,27,Love Island USA (Season 1),Winner,Zac,1,ZacLove Island USA (Season 1),1
F,27,Love Island USA (Season 1),Runner-Up,Alexandra,1,AlexandraLove Island USA (Season 1),2
M,27,Love Island USA (Season 1),Runner-Up,Dylan,4,DylanLove Island USA (Season 1),1
F,27,Love Island USA (Season 1),Third Place,Caro,1,CaroLove Island USA (Season 1),3
M,27,Love Island USA (Season 1),Third Place,Ray,12,RayLove Island USA (Season 1),1
F,27,Love Island USA (Season 1),Fourth Place,Emily,18,EmilyLove Island USA (Season 1),1
M,27,Love Island USA (Season 1),Fourth Place,Weston,1,WestonLove Island USA (Season 1),4
M,24,Love Island USA (Season 1),Dumped,Jered,18,JeredLove Island USA (Season 1),1
F,24,Love Island USA (Season 1),Dumped,Kyra,1,KyraLove Island USA (Season 1),3
F,22,Love Island USA (Season 1),Dumped,Aissata,12,AissataLove Island USA (Season 1),1
M,22,Love Island USA (Season 1),Dumped,Yamen,1,YamenLove Island USA (Season 1),3
M,20,Love Island USA (Season 1),Dumped,Anton,18,AntonLove Island USA (Season 1),0
M,20,Love Island USA (Season 1),Dumped,Eric,12,EricLove Island USA (Season 1),1
F,20,Love Island USA (Season 1),Walked,Kelsey,12,KelseyLove Island USA (Season 1),1
F,17,Love Island USA (Season 1),Dumped,Katrina,7,KatrinaLove Island USA (Season 1),2
M,17,Love Island USA (Season 1),Dumped,Cashel,1,CashelLove Island USA (Season 1),3
M,15,Love Island USA (Season 1),Dumped,Winston,9,WinstonLove Island USA (Season 1),0
F,15,Love Island USA (Season 1),Dumped,Marli,12,MarliLove Island USA (Season 1),0
M,15,Love Island USA (Season 1),Dumped,George,12,GeorgeLove Island USA (Season 1),0
F,11,Love Island USA (Season 1),Dumped,Christen,7,ChristenLove Island USA (Season 1),1
M,11,Love Island USA (Season 1),Dumped,Cormac,4,CormacLove Island USA (Season 1),1
F,9,Love Island USA (Season 1),Dumped,Alana,1,AlanaLove Island USA (Season 1),1
F,9,Love Island USA (Season 1),Dumped,Mallory,1,MalloryLove Island USA (Season 1),1
M,5,Love Island USA (Season 1),Dumped,Michael,1,MichaelLove Island USA (Season 1),1
M,40,Love Island USA (Season 2),Winner,Caleb,5,CalebLove Island USA (Season 2),2
F,40,Love Island USA (Season 2),Winner,Justine,1,JustineLove Island USA (Season 2),3
F,40,Love Island USA (Season 2),Runner-Up,Cely,1,CelyLove Island USA (Season 2),2
M,40,Love Island USA (Season 2),Runner-Up,Johnny,1,JohnnyLove Island USA (Season 2),1
M,40,Love Island USA (Season 2),Third Place,Calvin,5,CalvinLove Island USA (Season 2),3
F,40,Love Island USA (Season 2),Third Place,Moira,1,MoiraLove Island USA (Season 2),4
M,40,Love Island USA (Season 2),Fourth Place,Carrington,1,CarringtonLove Island USA (Season 2),3
F,40,Love Island USA (Season 2),Fourth Place,Laurel,16,LaurelLove Island USA (Season 2),1
M,37,Love Island USA (Season 2),Dumped,Bennett,26,BennettLove Island USA (Season 2),2
F,37,Love Island USA (Season 2),Dumped,Lakeyn,29,LakeynLove Island USA (Season 2),1
F,33,Love Island USA (Season 2),Dumped,Julia,29,JuliaLove Island USA (Season 2),0
F,33,Love Island USA (Season 2),Dumped,Kierstan,2,KierstanLove Island USA (Season 2),3
M,28,Love Island USA (Season 2),Dumped,Bennie,26,BennieLove Island USA (Season 2),0
M,28,Love Island USA (Season 2),Dumped,Connor,1,ConnorLove Island USA (Season 2),2
M,28,Love Island USA (Season 2),Removed,Noah,26,NoahLove Island USA (Season 2),0
M,25,Love Island USA (Season 2),Dumped,Aaron,16,AaronLove Island USA (Season 2),2
M,25,Love Island USA (Season 2),Dumped,Jalen,16,JalenLove Island USA (Season 2),2
F,25,Love Island USA (Season 2),Dumped,Mackenzie,1,MackenzieLove Island USA (Season 2),3
F,25,Love Island USA (Season 2),Dumped,Sher,16,SherLove Island USA (Season 2),2
M,19,Love Island USA (Season 2),Dumped,De'Andre,16,De'AndreLove Island USA (Season 2),0
F,19,Love Island USA (Season 2),Dumped,Faith,16,FaithLove Island USA (Season 2),0
F,19,Love Island USA (Season 2),Dumped,GiNiele,16,GiNieleLove Island USA (Season 2),0
F,19,Love Island USA (Season 2),Dumped,Mercades,16,MercadesLove Island USA (Season 2),0
M,19,Love Island USA (Season 2),Dumped,Mike,16,MikeLove Island USA (Season 2),0
M,19,Love Island USA (Season 2),Dumped,Pat,16,PatLove Island USA (Season 2),0
F,14,Love Island USA (Season 2),Dumped,Lauren,10,LaurenLove Island USA (Season 2),1
M,14,Love Island USA (Season 2),Dumped,Tre,1,TreLove Island USA (Season 2),3
F,12,Love Island USA (Season 2),Dumped,Rachel,2,RachelLove Island USA (Season 2),2
M,9,Love Island USA (Season 2),Dumped,James,1,JamesLove Island USA (Season 2),1
M,9,Love Island USA (Season 2),Dumped,Jeremiah,1,JeremiahLove Island USA (Season 2),2
F,5,Love Island USA (Season 2),Dumped,Kaitlynn,1,KaitlynnLove Island USA (Season 2),1
M,40,Love Island USA (Season 3),Winner,Korey,1,KoreyLove Island USA (Season 3),6
F,40,Love Island USA (Season 3),Winner,Olivia,1,OliviaLove Island USA (Season 3),2
F,40,Love Island USA (Season 3),Runner-Up,Kyra,1,KyraLove Island USA (Season 3),2
M,40,Love Island USA (Season 3),Runner-Up,Will,1,WillLove Island USA (Season 3),1
F,40,Love Island USA (Season 3),Third Place,Bailey,26,BaileyLove Island USA (Season 3),1
M,40,Love Island USA (Season 3),Third Place,Jeremy,1,JeremyLove Island USA (Season 3),5
F,40,Love Island USA (Season 3),Fourth Place,Alana,26,AlanaLove Island USA (Season 3),1
M,40,Love Island USA (Season 3),Fourth Place,Charlie,19,CharlieLove Island USA (Season 3),2
M,38,Love Island USA (Season 3),Dumped,Andre,30,AndreLove Island USA (Season 3),1
F,38,Love Island USA (Season 3),Dumped,Trina,1,TrinaLove Island USA (Season 3),4
F,34,Love Island USA (Season 3),Dumped,Elly,26,EllyLove Island USA (Season 3),1
M,34,Love Island USA (Season 3),Dumped,K-Ci,30,K-CiLove Island USA (Season 3),1
F,32,Love Island USA (Season 3),Dumped,Cashay,1,CashayLove Island USA (Season 3),5
M,31,Love Island USA (Season 3),Walked,Josh,1,JoshLove Island USA (Season 3),1
F,31,Love Island USA (Season 3),Walked,Shannon,1,ShannonLove Island USA (Season 3),1
F,25,Love Island USA (Season 3),Dumped,Genevieve,19,GenevieveLove Island USA (Season 3),1
M,25,Love Island USA (Season 3),Dumped,Cinco,1,CincoLove Island USA (Season 3),2
F,24,Love Island USA (Season 3),Removed,Leslie,19,LeslieLove Island USA (Season 3),1
F,22,Love Island USA (Season 3),Dumped,Flo,19,FloLove Island USA (Season 3),0
F,22,Love Island USA (Season 3),Dumped,Isabel,19,IsabelLove Island USA (Season 3),0
F,22,Love Island USA (Season 3),Dumped,Kay,19,KayLove Island USA (Season 3),0
M,22,Love Island USA (Season 3),Dumped,Andrew,19,AndrewLove Island USA (Season 3),0
M,22,Love Island USA (Season 3),Dumped,Gabe,19,GabeLove Island USA (Season 3),0
M,22,Love Island USA (Season 3),Dumped,Kam,19,KamLove Island USA (Season 3),0
M,22,Love Island USA (Season 3),Dumped,Raul,19,RaulLove Island USA (Season 3),0
M,17,Love Island USA (Season 3),Dumped,Javonny,1,JavonnyLove Island USA (Season 3),1
M,17,Love Island USA (Season 3),Dumped,Wes,12,WesLove Island USA (Season 3),1
F,17,Love Island USA (Season 3),Dumped,Aimee,3,AimeeLove Island USA (Season 3),2
F,17,Love Island USA (Season 3),Dumped,Florita,8,FloritaLove Island USA (Season 3),2
M,15,Love Island USA (Season 3),Dumped,Isaiah,6,IsaiahLove Island USA (Season 3),1
M,14,Love Island USA (Season 3),Walked,Slade,12,SladeLove Island USA (Season 3),0
F,11,Love Island USA (Season 3),Dumped,Lei-Yen,8,Lei-YenLove Island USA (Season 3),0
F,11,Love Island USA (Season 3),Dumped,Roxy,8,RoxyLove Island USA (Season 3),0
M,5,Love Island USA (Season 3),Dumped,Christian,1,ChristianLove Island USA (Season 3),1
M,32,Love Island USA (Season 4),Winner,Timmy,1,TimmyLove Island USA (Season 4),2
F,32,Love Island USA (Season 4),Winner,Zeta,1,ZetaLove Island USA (Season 4),2
M,32,Love Island USA (Season 4),Runner-Up,Isaiah,1,IsaiahLove Island USA (Season 4),3
F,32,Love Island USA (Season 4),Runner-Up,Sydney,1,SydneyLove Island USA (Season 4),2
F,32,Love Island USA (Season 4),Third Place,Deb,1,DebLove Island USA (Season 4),2
M,32,Love Island USA (Season 4),Third Place,Jesse,1,JesseLove Island USA (Season 4),1
M,31,Love Island USA (Season 4),Walked,Jeff,8,JeffLove Island USA (Season 4),3
F,31,Love Island USA (Season 4),Walked,Nadjha,12,NadjhaLove Island USA (Season 4),2
F,30,Love Island USA (Season 4),Dumped,Phoebe,16,PhoebeLove Island USA (Season 4),2
M,30,Love Island USA (Season 4),Dumped,Chad,16,ChadLove Island USA (Season 4),2
M,28,Love Island USA (Season 4),Walked,Mackenzie,23,MackenzieLove Island USA (Season 4),1
M,28,Love Island USA (Season 4),Dumped,Joel,21,JoelLove Island USA (Season 4),1
F,24,Love Island USA (Season 4),Dumped,Courtney,1,CourtneyLove Island USA (Season 4),4
F,22,Love Island USA (Season 4),Walked,Kat,12,KatLove Island USA (Season 4),1
F,22,Love Island USA (Season 4),Dumped,Chanse,16,ChanseLove Island USA (Season 4),1
M,22,Love Island USA (Season 4),Dumped,Jared,12,JaredLove Island USA (Season 4),2
F,22,Love Island USA (Season 4),Dumped,Bella,16,BellaLove Island USA (Season 4),1
M,22,Love Island USA (Season 4),Dumped,Chazz,6,ChazzLove Island USA (Season 4),3
M,21,Love Island USA (Season 4),Walked,Nic,16,NicLove Island USA (Season 4),1
M,20,Love Island USA (Season 4),Walked,Kyle,16,KyleLove Island USA (Season 4),1
F,19,Love Island USA (Season 4),Dumped,Avery,16,AveryLove Island USA (Season 4),0
F,19,Love Island USA (Season 4),Dumped,Gabby,16,GabbyLove Island USA (Season 4),0
M,19,Love Island USA (Season 4),Dumped,Jordan,16,JordanLove Island USA (Season 4),0
M,19,Love Island USA (Season 4),Dumped,Sam,16,SamLove Island USA (Season 4),0
F,19,Love Island USA (Season 4),Dumped,Tigerlily,16,TigerlilyLove Island USA (Season 4),0
M,19,Love Island USA (Season 4),Dumped,Tre,16,TreLove Island USA (Season 4),0
F,15,Love Island USA (Season 4),Walked,Mady,1,MadyLove Island USA (Season 4),3
M,15,Love Island USA (Season 4),Dumped,Bryce,8,BryceLove Island USA (Season 4),1
F,13,Love Island USA (Season 4),Dumped,Sereniti,1,SerenitiLove Island USA (Season 4),3
F,11,Love Island USA (Season 4),Dumped,Bria,6,BriaLove Island USA (Season 4),1
M,11,Love Island USA (Season 4),Dumped,Andy,1,AndyLove Island USA (Season 4),3
M,9,Love Island USA (Season 4),Dumped,Felipe,1,FelipeLove Island USA (Season 4),2
M,7,Love Island USA (Season 4),Dumped,Tyler,4,TylerLove Island USA (Season 4),1
F,5,Love Island USA (Season 4),Dumped,Valerie,1,ValerieLove Island USA (Season 4),0
M,30,Love Island Austrailia (Season 4),Winner,Austen,1,AustenLove Island Austrailia (Season 4),2
F,30,Love Island Austrailia (Season 4),Winner,Claudia,1,ClaudiaLove Island Austrailia (Season 4),2
M,30,Love Island Austrailia (Season 4),Runner-Up,Callum,2,CallumLove Island Austrailia (Season 4),3
F,30,Love Island Austrailia (Season 4),Runner-Up,Madeline,23,MadelineLove Island Austrailia (Season 4),1
M,30,Love Island Austrailia (Season 4),Runner-Up,Mitch E,1,Mitch ELove Island Austrailia (Season 4),1
F,30,Love Island Austrailia (Season 4),Runner-Up,Phoebe S,1,Phoebe SLove Island Austrailia (Season 4),1
M,29,Love Island Austrailia (Season 4),Dumped,Al,8,AlLove Island Austrailia (Season 4),1
F,29,Love Island Austrailia (Season 4),Dumped,Jess,1,JessLove Island Austrailia (Season 4),2
M,28,Love Island Austrailia (Season 4),Dumped,Mitch H,19,Mitch HLove Island Austrailia (Season 4),2
F,28,Love Island Austrailia (Season 4),Dumped,Tina,20,TinaLove Island Austrailia (Season 4),2
M,27,Love Island Austrailia (Season 4),Dumped,Hugh,23,HughLove Island Austrailia (Season 4),1
F,27,Love Island Austrailia (Season 4),Dumped,Stella,1,StellaLove Island Austrailia (Season 4),5
M,26,Love Island Austrailia (Season 4),Dumped,Jordan,1,JordanLove Island Austrailia (Season 4),3
F,24,Love Island Austrailia (Season 4),Dumped,Phoebe H,11,Phoebe HLove Island Austrailia (Season 4),1
M,22,Love Island Austrailia (Season 4),Dumped,Tak,2,TakLove Island Austrailia (Season 4),3
F,21,Love Island Austrailia (Season 4),Dumped,Maddy,6,MaddyLove Island Austrailia (Season 4),2
M,19,Love Island Austrailia (Season 4),Walked,Jason,18,JasonLove Island Austrailia (Season 4),0
F,17,Love Island Austrailia (Season 4),Dumped,Vakoo,11,VakooLove Island Austrailia (Season 4),0
M,16,Love Island Austrailia (Season 4),Dumped,Ben,14,BenLove Island Austrailia (Season 4),0
F,14,Love Island Austrailia (Season 4),Dumped,Layla,1,LaylaLove Island Austrailia (Season 4),2
M,10,Love Island Austrailia (Season 4),Dumped,Conor,1,ConorLove Island Austrailia (Season 4),2
F,10,Love Island Austrailia (Season 4),Dumped,Holly,1,HollyLove Island Austrailia (Season 4),2
M,5,Love Island Austrailia (Season 4),Dumped,André,1,AndréLove Island Austrailia (Season 4),1